{"entities":{"pages":{"m2efif_2":{"id":"m2efif_2","title":"Getting Started","level":0,"pages":["starter-topic","docs","Quick-Start"],"tabIndex":0},"starter-topic":{"id":"starter-topic","title":"Introduction","url":"starter-topic.html","level":1,"parentId":"m2efif_2","tabIndex":0},"docs":{"id":"docs","title":"Installation","url":"docs.html","level":1,"parentId":"m2efif_2","tabIndex":1},"Quick-Start":{"id":"Quick-Start","title":"Quick Start","url":"quick-start.html","level":1,"parentId":"m2efif_2","tabIndex":2},"m2efif_3":{"id":"m2efif_3","title":"Guide","level":0,"pages":["Creating-An-Application","m2efif_11"],"tabIndex":1},"Creating-An-Application":{"id":"Creating-An-Application","title":"Creating An Application","url":"creating-an-application.html","level":1,"parentId":"m2efif_3","tabIndex":0},"m2efif_11":{"id":"m2efif_11","title":"Templating","level":1,"parentId":"m2efif_3","pages":["JSX-Basics","JSX-Composition-and-Children","Components"],"tabIndex":1},"JSX-Basics":{"id":"JSX-Basics","title":"JSX Basics: Elements and Attributes","url":"jsx-basics.html","level":2,"parentId":"m2efif_11","tabIndex":0},"JSX-Composition-and-Children":{"id":"JSX-Composition-and-Children","title":"JSX: Composition and Children","url":"jsx-composition-and-children.html","level":2,"parentId":"m2efif_11","tabIndex":1},"Components":{"id":"Components","title":"Components in Auwla","url":"components.html","level":2,"parentId":"m2efif_11","tabIndex":2},"m2efif_4":{"id":"m2efif_4","title":"Reactivity","level":0,"pages":["Reactivity-Introduction","State-and-Reactivity","Watch-and-Derive","Watch-and-WatchEffect","The-Philosophy-of-Watch","m2efif_20","Reactive-Composition","m2efif_22"],"tabIndex":2},"Reactivity-Introduction":{"id":"Reactivity-Introduction","title":"Understanding Reactivity","url":"reactivity-introduction.html","level":1,"parentId":"m2efif_4","tabIndex":0},"State-and-Reactivity":{"id":"State-and-Reactivity","title":"State and Reactivity: The `ref` Primitive","url":"state-and-reactivity.html","level":1,"parentId":"m2efif_4","tabIndex":1},"Watch-and-Derive":{"id":"Watch-and-Derive","title":"Watch and Derive: Creating Computed State","url":"watch-and-derive.html","level":1,"parentId":"m2efif_4","tabIndex":2},"Watch-and-WatchEffect":{"id":"Watch-and-WatchEffect","title":"Watch and watchEffect: Running Side Effects","url":"watch-and-watcheffect.html","level":1,"parentId":"m2efif_4","tabIndex":3},"The-Philosophy-of-Watch":{"id":"The-Philosophy-of-Watch","title":"The Philosophy of `watch`: A Deep Dive","url":"the-philosophy-of-watch.html","level":1,"parentId":"m2efif_4","tabIndex":4},"m2efif_20":{"id":"m2efif_20","title":"Reactive Mutation","level":1,"parentId":"m2efif_4","pages":["Managing-Complex-State","Structured-State-with-createStore"],"tabIndex":5},"Managing-Complex-State":{"id":"Managing-Complex-State","title":"Thinking in Auwla: The Art of Selective Rendering","url":"managing-complex-state.html","level":2,"parentId":"m2efif_20","tabIndex":0},"Structured-State-with-createStore":{"id":"Structured-State-with-createStore","title":"Structured State with `createStore`","url":"structured-state-with-createstore.html","level":2,"parentId":"m2efif_20","tabIndex":1},"Reactive-Composition":{"id":"Reactive-Composition","title":"Reactive Composition: Sharing State Across Components","url":"reactive-composition.html","level":1,"parentId":"m2efif_4","tabIndex":6},"m2efif_22":{"id":"m2efif_22","title":"Rendering Patterns","level":1,"parentId":"m2efif_4","pages":["Conditional-Rendering","List-Rendering"],"tabIndex":7},"Conditional-Rendering":{"id":"Conditional-Rendering","title":"Conditional Rendering: Making UI React to State","url":"conditional-rendering.html","level":2,"parentId":"m2efif_22","tabIndex":0},"List-Rendering":{"id":"List-Rendering","title":"List Rendering: Efficient Dynamic Lists with the `For` Component","url":"list-rendering.html","level":2,"parentId":"m2efif_22","tabIndex":1},"m2efif_5":{"id":"m2efif_5","title":"Data Fetching","level":0,"pages":["Data-Fetching-Basics","Manual-Operations-with-asyncOp","Advanced-Resource-Management"],"tabIndex":3},"Data-Fetching-Basics":{"id":"Data-Fetching-Basics","title":"Data Fetching: Loading Data in Reactive Applications","url":"data-fetching-basics.html","level":1,"parentId":"m2efif_5","tabIndex":0},"Manual-Operations-with-asyncOp":{"id":"Manual-Operations-with-asyncOp","title":"Manual Operations: Forms, Buttons, and User Actions","url":"manual-operations-with-asyncop.html","level":1,"parentId":"m2efif_5","tabIndex":1},"Advanced-Resource-Management":{"id":"Advanced-Resource-Management","title":"Advanced Resource Management with `createResource()`","url":"advanced-resource-management.html","level":1,"parentId":"m2efif_5","tabIndex":2},"m2efif_6":{"id":"m2efif_6","title":"Routing","level":0,"pages":["Routing-Guide"],"tabIndex":4},"Routing-Guide":{"id":"Routing-Guide","title":"Routing: Building Type-Safe Single Page Applications","url":"routing-guide.html","level":1,"parentId":"m2efif_6","tabIndex":0}}},"topLevelIds":["m2efif_2","m2efif_3","m2efif_4","m2efif_5","m2efif_6"]}